Player,Rookie,Pos,G,FG,FGA,FGP,3P,FT,FTA,FTP,TRB,AST,STL,BLK,TOV,PTS,VORP
LeBron James,0,PF,82,10.5,19.3,0.542,1.8,4.7,6.5,0.731,8.6,9.1,1.4,0.9,4.2,27.5,8.9
James Harden,0,SG,72,9,20.1,0.449,3.7,8.7,10.1,0.858,5.4,8.8,1.8,0.7,4.4,30.4,8.3
Russell Westbrook,0,PG,80,9.5,21.1,0.449,1.2,5.2,7.1,0.737,10.1,10.3,1.8,0.3,4.8,25.4,7.5
Damian Lillard,0,PG,73,8.5,19.4,0.439,3.1,6.8,7.4,0.916,4.5,6.6,1.1,0.4,2.8,26.9,5.9
Nikola Jokic,0,C,75,6.7,13.5,0.499,1.5,3.5,4.2,0.85,10.7,6.1,1.2,0.8,2.8,18.5,5.6
Karl-Anthony Towns,0,C,82,7.8,14.3,0.545,1.5,4.2,4.9,0.858,12.3,2.4,0.8,1.4,1.9,21.3,5.5
Giannis Antetokounmpo,0,PF,75,9.9,18.7,0.529,0.6,6.5,8.5,0.76,10,4.8,1.5,1.4,3,26.9,5.4
Andre Drummond,0,C,78,6,11.3,0.529,0,3.1,5.1,0.605,16,3,1.5,1.6,2.6,15,5
Kyle Lowry,0,PG,78,5.2,12.1,0.427,3.1,2.9,3.3,0.854,5.6,6.9,1.1,0.2,2.3,16.2,5
Anthony Davis,0,PF,75,10.4,19.5,0.534,0.7,6.6,8,0.828,11.1,2.3,1.5,2.6,2.2,28.1,4.9
Ben Simmons,1,PG,81,6.7,12.3,0.545,0,2.4,4.2,0.56,8.1,8.2,1.7,0.9,3.4,15.8,4.6
Kevin Durant,0,PF,68,9.3,18,0.516,2.5,5.3,5.9,0.889,6.8,5.4,0.7,1.8,3,26.4,4.5
Victor Oladipo,0,SG,75,8.5,17.9,0.477,2.1,3.9,4.9,0.799,5.2,4.3,2.4,0.8,2.9,23.1,4.5
Stephen Curry,0,PG,51,8.4,16.9,0.495,4.2,5.5,5.9,0.921,5.1,6.1,1.6,0.2,3,26.4,4.4
Chris Paul,0,PG,58,6.3,13.8,0.46,2.5,3.5,3.8,0.919,5.4,7.9,1.7,0.2,2.2,18.6,4.3
Kyrie Irving,0,PG,60,8.9,18.1,0.491,2.8,3.9,4.4,0.889,3.8,5.1,1.1,0.3,2.3,24.4,4
Jimmy Butler,0,SG,59,7.4,15.6,0.474,1.2,6.2,7.2,0.854,5.3,4.9,2,0.4,1.8,22.2,3.8
Kemba Walker,0,PG,80,7.4,17,0.431,2.9,4.5,5.3,0.864,3.1,5.6,1.1,0.3,2.2,22.1,3.6
Al Horford,0,C,72,5.1,10.5,0.489,1.3,1.3,1.7,0.783,7.4,4.7,0.6,1.1,1.8,12.9,3.5
Otto Porter,0,SF,77,5.8,11.5,0.503,1.8,1.4,1.7,0.828,6.4,2,1.5,0.5,1,14.7,3.4
Paul George,0,SF,79,7.3,17,0.43,3.1,4.3,5.2,0.822,5.7,3.3,2,0.5,2.7,21.9,3.3
DeMarcus Cousins,0,C,48,8.5,18,0.47,2.2,6.1,8.2,0.746,12.9,5.4,1.6,1.6,5,25.2,3.3
LaMarcus Aldridge,0,C,75,9.2,18,0.51,0.4,4.5,5.3,0.837,8.5,2,0.6,1.2,1.5,23.1,3.3
Joe Ingles,0,SF,82,4.1,8.8,0.467,2.5,0.8,1,0.795,4.2,4.8,1.1,0.2,1.9,11.5,3.3
Steven Adams,0,C,76,5.9,9.4,0.629,0,2.1,3.8,0.559,9,1.2,1.2,1,1.7,13.9,3.3
Draymond Green,0,PF,70,4,8.8,0.454,1.1,1.9,2.5,0.775,7.6,7.3,1.4,1.3,2.9,11,3
Jrue Holiday,0,SG,81,7.6,15.4,0.494,1.5,2.3,2.9,0.786,4.5,6,1.5,0.8,2.6,19,3
Kyle Anderson,0,SF,74,3.1,5.9,0.527,0.3,1.4,2,0.712,5.4,2.7,1.6,0.8,1.3,7.9,3
Rudy Gobert,0,C,56,4.9,7.9,0.622,0,3.6,5.3,0.682,10.7,1.4,0.8,2.3,1.9,13.5,2.9
Robert Covington,0,SF,80,4.3,10.5,0.413,2.5,1.5,1.7,0.853,5.4,2,1.7,0.9,1.6,12.6,2.9
Bradley Beal,0,SG,82,8.3,18.1,0.46,2.4,3.6,4.5,0.791,4.4,4.5,1.2,0.4,2.6,22.6,2.7
Clint Capela,0,C,74,6,9.1,0.652,0,1.9,3.5,0.56,10.8,0.9,0.8,1.9,1.4,13.9,2.6
DeMar DeRozan,0,SG,80,8.1,17.7,0.456,1.1,5.8,7,0.825,3.9,5.2,1.1,0.3,2.2,23,2.6
Derrick Favors,0,C,77,5.1,9.1,0.563,0.2,1.8,2.8,0.651,7.2,1.3,0.7,1.1,1.1,12.3,2.5
DeAndre Jordan,0,C,77,4.8,7.5,0.645,0,2.4,4.1,0.58,15.2,1.5,0.5,0.9,1.8,12,2.5
Eric Bledsoe,0,PG,74,6.3,13.4,0.473,1.7,3.4,4.3,0.795,3.8,5,2,0.6,2.9,17.7,2.4
Blake Griffin,0,PF,58,7.5,17.2,0.438,1.9,4.5,5.7,0.785,7.4,5.8,0.7,0.3,2.8,21.4,2.4
Pau Gasol,0,C,77,3.7,8.1,0.458,0.6,2.1,2.7,0.756,8,3.1,0.3,1,1.4,10.1,2.4
Josh Richardson,0,SF,81,4.9,10.9,0.451,1.6,1.5,1.8,0.845,3.5,2.9,1.5,0.9,1.7,12.9,2.3
Kyle O'Quinn,0,C,77,2.9,5,0.583,0.1,1.3,1.6,0.772,6.1,2.1,0.5,1.3,1.3,7.1,2.3
Tyreke Evans,0,PG,52,7,15.6,0.452,2.2,3.2,4,0.785,5.1,5.2,1.1,0.3,2.3,19.4,2.3
Thaddeus Young,0,PF,81,5.2,10.7,0.487,0.7,0.7,1.1,0.598,6.3,1.9,1.7,0.4,1.3,11.8,2.3
Joel Embiid,0,C,63,8.1,16.8,0.483,1,5.7,7.4,0.769,11,3.2,0.6,1.8,3.7,22.9,2.2
Kelly Olynyk,0,PF,76,4.2,8.4,0.497,1.4,1.8,2.3,0.77,5.7,2.7,0.8,0.5,1.9,11.5,2.2
Ricky Rubio,0,PG,77,4.5,10.7,0.418,1.2,2.9,3.3,0.866,4.6,5.3,1.6,0.1,2.7,13.1,2.1
Darren Collison,0,PG,69,4.6,9.2,0.495,1.4,1.8,2.1,0.882,2.6,5.3,1.3,0.2,1.2,12.4,2.1
Taj Gibson,0,PF,82,5.2,9,0.577,0.1,1.7,2.3,0.768,7.1,1.2,0.8,0.7,1.1,12.2,2.1
Marc Gasol,0,C,73,5.9,14.2,0.42,1.5,3.8,4.6,0.834,8.1,4.2,0.7,1.4,2.7,17.2,2.1
Enes Kanter,0,C,71,5.9,10,0.592,0,2.2,2.6,0.848,11,1.5,0.5,0.5,1.7,14.1,2.1
Donovan Mitchell,1,SG,79,7.5,17.2,0.437,2.4,3,3.8,0.805,3.7,3.7,1.5,0.3,2.7,20.5,2.1
Terry Rozier,0,PG,80,4,10,0.395,1.9,1.4,1.9,0.772,4.7,2.9,1,0.2,1,11.3,2
Will Barton,0,SG,81,5.7,12.7,0.452,1.9,2.2,2.8,0.805,5,4.1,1,0.6,1.8,15.7,2
Nikola Vucevic,0,C,57,7,14.7,0.475,1.1,1.4,1.6,0.819,9.2,3.4,1,1.1,1.9,16.5,2
Lou Williams,0,SG,79,7.4,16.9,0.435,2.4,5.5,6.2,0.88,2.5,5.3,1.1,0.2,3,22.6,2
Jakob Poeltl,0,C,82,3.1,4.7,0.659,0,0.7,1.2,0.594,4.8,0.7,0.5,1.2,1,6.9,2
Trevor Ariza,0,SF,67,4,9.7,0.412,2.5,1.1,1.3,0.854,4.4,1.6,1.5,0.2,0.8,11.7,2
Dwight Powell,0,C,79,3.2,5.4,0.593,0.4,1.7,2.3,0.719,5.6,1.2,0.8,0.4,0.7,8.5,2
Dario Saric,0,PF,78,5.2,11.4,0.453,2,2.3,2.7,0.86,6.7,2.6,0.7,0.3,1.9,14.6,2
Marvin Williams,0,PF,78,3.3,7.2,0.458,1.6,1.3,1.6,0.829,4.7,1.2,0.7,0.5,0.8,9.5,1.9
Kentavious Caldwell-Pope,0,SG,74,4.6,10.8,0.426,2.1,2.1,2.6,0.789,5.2,2.2,1.4,0.2,1.3,13.4,1.9
Larry Nance,0,C,66,3.6,6.3,0.581,0,1.4,2.1,0.664,6.8,1.2,1.3,0.6,0.8,8.7,1.9
James Johnson,0,PF,73,4.2,8.4,0.503,0.8,1.5,2.2,0.698,4.9,3.8,1,0.7,1.9,10.8,1.8
Khris Middleton,0,SF,82,7.2,15.5,0.466,1.8,3.9,4.4,0.884,5.2,4,1.5,0.3,2.3,20.1,1.8
Tobias Harris,0,PF,80,7,15.3,0.46,2.3,2.2,2.7,0.829,5.5,2.4,0.9,0.4,1.3,18.6,1.8
Jayson Tatum,1,SF,80,5,10.4,0.475,1.3,2.7,3.2,0.826,5,1.6,1,0.7,1.4,13.9,1.8
CJ McCollum,0,SG,81,8.2,18.6,0.443,2.3,2.6,3.1,0.836,4,3.4,1,0.4,1.9,21.4,1.8
Gary Harris,0,SG,67,6.6,13.6,0.485,2.3,2,2.4,0.827,2.6,2.9,1.8,0.2,1.8,17.5,1.7
Nicolas Batum,0,SG,64,4.2,10.2,0.415,1.4,1.7,2,0.831,4.8,5.5,1,0.4,2,11.6,1.7
Pascal Siakam,0,PF,81,3.1,6.1,0.508,0.4,0.7,1.1,0.621,4.5,2,0.8,0.5,0.8,7.3,1.7
John Collins,1,PF,74,4.2,7.4,0.576,0.2,1.8,2.5,0.715,7.3,1.3,0.6,1.1,1.4,10.5,1.7
Delon Wright,0,PG,69,2.9,6.3,0.465,0.8,1.4,1.7,0.829,2.9,2.9,1,0.5,1.1,8,1.7
Lonzo Ball,1,PG,52,3.9,10.8,0.36,1.7,0.6,1.4,0.451,6.9,7.2,1.7,0.8,2.6,10.2,1.7
Julius Randle,0,C,82,6.1,11,0.558,0.1,3.7,5.2,0.718,8,2.6,0.5,0.5,2.6,16.1,1.6
Al-Farouq Aminu,0,PF,69,3.3,8.4,0.395,1.8,0.9,1.2,0.738,7.6,1.2,1.1,0.6,1.1,9.3,1.6
Ekpe Udoh,0,C,63,1,1.9,0.5,0,0.7,0.9,0.75,2.4,0.8,0.7,1.2,0.3,2.6,1.6
Fred VanVleet,0,PG,76,3.1,7.2,0.426,1.4,1.1,1.3,0.832,2.4,3.2,0.9,0.3,1,8.6,1.5
Anthony Tolliver,0,PF,79,2.8,6,0.464,2,1.3,1.7,0.797,3.1,1.1,0.4,0.3,0.7,8.9,1.5
Montrezl Harrell,0,C,76,4.6,7.2,0.635,0,1.8,2.9,0.626,4,1,0.5,0.7,0.9,11,1.5
Jonas Valanciunas,0,C,77,5.1,8.9,0.568,0.4,2.2,2.7,0.806,8.6,1.1,0.4,0.9,1.5,12.7,1.5
Jeremy Lamb,0,SG,80,4.8,10.4,0.457,1.2,2.2,2.6,0.861,4.1,2.3,0.8,0.4,1.2,12.9,1.5
Amir Johnson,0,C,74,1.9,3.5,0.538,0.1,0.7,1.1,0.612,4.5,1.6,0.6,0.6,0.7,4.6,1.5
Dejounte Murray,0,PG,81,3.3,7.5,0.443,0.1,1.3,1.8,0.709,5.7,2.9,1.2,0.4,1.7,8.1,1.4
Danny Green,0,SG,70,3.1,8,0.387,1.7,0.7,0.9,0.769,3.6,1.6,0.9,1.1,1.1,8.6,1.4
Mason Plumlee,0,C,74,3,5,0.601,0,1.1,2.4,0.458,5.4,1.9,0.7,1.1,1.4,7.1,1.4
Kevin Love,0,C,59,5.7,12.4,0.458,2.3,4,4.5,0.88,9.3,1.7,0.7,0.4,1.5,17.6,1.4
Spencer Dinwiddie,0,PG,80,4.1,10.5,0.387,1.8,2.7,3.4,0.813,3.2,6.6,0.9,0.3,1.6,12.6,1.3
Jeff Teague,0,PG,70,5.1,11.3,0.446,1.2,2.9,3.4,0.845,3,7,1.5,0.3,2.5,14.2,1.3
David West,0,C,73,3,5.2,0.571,0,0.8,1.1,0.759,3.3,1.9,0.6,1,1.1,6.8,1.3
Tomas Satoransky,0,SG,73,2.8,5.3,0.523,0.6,1,1.3,0.781,3.2,3.9,0.7,0.2,1.1,7.2,1.3
Myles Turner,0,C,65,4.7,9.8,0.479,0.9,2.5,3.2,0.777,6.4,1.3,0.6,1.8,1.5,12.7,1.3
Jamal Murray,0,PG,81,5.9,13.1,0.451,2,2.8,3.1,0.905,3.7,3.4,1,0.3,2.1,16.7,1.2
DeMarre Carroll,0,SF,73,4.5,10.8,0.414,2,2.6,3.4,0.764,6.6,2,0.8,0.4,1.4,13.5,1.2
Courtney Lee,0,SG,76,4.5,9.9,0.454,1.5,1.5,1.6,0.919,2.9,2.4,1.1,0.2,1.1,12,1.2
Willie Cauley-Stein,0,C,73,5.3,10.6,0.502,0,2.1,3.4,0.619,7,2.4,1.1,0.9,1.5,12.8,1.2
Devin Booker,0,SG,54,8.4,19.5,0.432,2.7,5.4,6.1,0.878,4.5,4.7,0.9,0.3,3.6,24.9,1.2
Jordan Bell,1,C,57,2,3.2,0.627,0,0.5,0.8,0.682,3.6,1.8,0.6,1,0.9,4.6,1.2
Marcin Gortat,0,C,82,3.5,6.8,0.518,0,1.3,2,0.675,7.6,1.8,0.5,0.7,1.2,8.4,1.2
John Wall,0,PG,41,6.8,16.3,0.42,1.5,4.3,5.9,0.726,3.7,9.6,1.4,1.1,3.9,19.4,1.2
Maurice Harkless,0,SF,59,2.5,5,0.495,0.8,0.7,1,0.712,2.7,0.9,0.8,0.7,0.7,6.5,1.2
Jusuf Nurkic,0,C,79,6.1,12,0.505,0,2.2,3.5,0.63,9,1.8,0.8,1.4,2.3,14.3,1.2
Goran Dragic,0,PG,75,6.5,14.3,0.45,1.5,2.9,3.6,0.801,4.1,4.8,0.8,0.2,2.2,17.3,1.2
E'Twaun Moore,0,SG,82,5.2,10.1,0.508,1.6,0.6,0.8,0.706,2.9,2.3,1,0.1,1.2,12.5,1.2
Greg Monroe,0,C,51,4.3,7.6,0.565,0,1.7,2.3,0.739,6.9,2.2,0.9,0.5,1.8,10.3,1.2
P.J. Tucker,0,PF,82,2.1,5.4,0.39,1.4,0.5,0.7,0.717,5.6,0.9,1,0.3,0.9,6.1,1.2
Reggie Bullock,0,SF,62,4.3,8.8,0.489,2,0.6,0.8,0.796,2.5,1.5,0.8,0.2,0.8,11.3,1.2
John Henson,0,C,76,3.8,6.6,0.572,0,1.2,2.1,0.57,6.8,1.5,0.6,1.4,1.1,8.8,1.2
J.J. Redick,0,SG,70,5.8,12.6,0.46,2.8,2.8,3.1,0.904,2.5,3,0.5,0.1,1.5,17.1,1.1
Dwight Howard,0,C,81,6.2,11.2,0.555,0,4.1,7.2,0.574,12.5,1.3,0.6,1.6,2.6,16.6,1.1
Daniel Theis,1,C,63,2,3.7,0.541,0.3,1,1.3,0.753,4.3,0.9,0.5,0.8,0.9,5.3,1.1
Brook Lopez,0,C,74,5,10.7,0.465,1.5,1.5,2.1,0.703,4,1.7,0.4,1.3,1.3,13,1.1
Joe Harris,0,SG,78,3.9,8,0.491,1.9,1.1,1.3,0.827,3.3,1.6,0.4,0.3,1.2,10.8,1.1
Wesley Matthews,0,SF,63,4.5,11.1,0.406,2.4,1.3,1.6,0.822,3.1,2.7,1.2,0.3,1.3,12.7,1.1
Kent Bazemore,0,SG,65,4.4,10.4,0.42,1.7,2.5,3.1,0.796,3.8,3.5,1.5,0.7,2.4,12.9,1.1
Dirk Nowitzki,0,C,77,4.5,9.8,0.456,1.8,1.3,1.4,0.898,5.7,1.6,0.6,0.6,0.7,12,1.1
Elfrid Payton,0,PG,63,5.2,10.6,0.493,0.5,1.7,2.7,0.649,4.3,6.2,1.3,0.3,2.7,12.7,1
Serge Ibaka,0,PF,76,5,10.3,0.483,1.4,1.2,1.6,0.797,6.3,0.8,0.4,1.3,1.2,12.6,1
Bobby Portis,0,PF,73,5.2,11.1,0.471,1.1,1.6,2.1,0.769,6.8,1.7,0.7,0.3,1.4,13.2,1
Aaron Gordon,0,PF,58,6.5,14.9,0.434,2,2.7,3.9,0.698,7.9,2.3,1,0.8,1.8,17.6,1
Alex Len,0,C,69,3.1,5.5,0.566,0,2.3,3.3,0.684,7.5,1.2,0.4,0.9,1.1,8.5,1
OG Anunoby,1,SF,74,2.2,4.7,0.471,1,0.5,0.8,0.629,2.5,0.7,0.7,0.2,0.6,5.9,1
Ryan Anderson,0,PF,66,3.1,7.3,0.431,2,1.1,1.4,0.774,5,0.9,0.4,0.3,0.6,9.3,1
Wayne Ellington,0,SG,77,3.7,9.1,0.407,2.9,0.9,1,0.859,2.8,1,0.7,0.1,0.7,11.2,1
Jaylen Brown,0,SG,70,5.3,11.5,0.465,1.7,2.1,3.3,0.644,4.9,1.6,1,0.4,1.8,14.5,1
Nikola Mirotic,0,PF,55,5.6,12.4,0.447,2.5,2,2.5,0.818,7.4,1.5,0.8,0.7,1.1,15.6,1
Dewayne Dedmon,0,C,62,4,7.7,0.524,0.8,1.1,1.4,0.779,7.9,1.5,0.6,0.8,1.4,10,1
Ersan Ilyasova,0,PF,69,4,8.9,0.452,1.3,1.5,2,0.778,5.9,1.3,0.9,0.4,1,10.9,0.9
Kyle Korver,0,SG,73,3,6.6,0.459,2.2,0.9,1,0.889,2.3,1.2,0.4,0.4,0.8,9.2,0.9
Buddy Hield,0,SG,80,5.2,11.7,0.446,2.2,0.9,1,0.877,3.8,1.9,1.1,0.3,1.6,13.5,0.9
Andre Iguodala,0,SF,64,2.3,5,0.463,0.5,0.9,1.4,0.632,3.8,3.3,0.8,0.6,1,6,0.9
Tyler Johnson,0,PG,72,4.3,9.9,0.435,1.7,1.5,1.8,0.822,3.4,2.3,0.8,0.5,1.1,11.7,0.9
Bam Adebayo,1,C,69,2.5,4.9,0.512,0,1.9,2.6,0.721,5.5,1.5,0.5,0.6,1,6.9,0.8
Jarrett Allen,1,C,72,3.3,5.5,0.589,0.1,1.6,2,0.776,5.4,0.7,0.4,1.2,1.1,8.2,0.8
Kadeem Allen,1,PG,18,0.3,1.2,0.273,0,0.4,0.5,0.778,0.6,0.7,0.2,0.1,0.5,1.1,-0.1
Ike Anigbogu,1,C,11,0.4,0.8,0.444,0,0.5,0.5,0.833,0.8,0,0.1,0.3,0.2,1.2,0
Ryan Arcidiacono,1,PG,24,0.7,1.7,0.415,0.4,0.2,0.3,0.833,1,1.5,0.5,0,0.5,2,-0.2
Jamel Artis,1,SG,15,2.1,5.3,0.392,0.5,0.5,0.8,0.583,2.5,1.2,0.1,0.2,0.5,5.1,-0.3
Dwayne Bacon,1,SG,53,1.4,3.6,0.375,0.2,0.4,0.5,0.8,2.3,0.7,0.3,0,0.4,3.3,-0.7
Khem Birch,1,C,42,1.6,3,0.54,0,1,1.5,0.689,4.3,0.8,0.4,0.5,0.5,4.2,0.3
Jabari Bird,1,SG,13,1.2,2,0.577,0.2,0.5,1,0.462,1.5,0.6,0.2,0.1,0.6,3,0
Antonio Blakeney,1,SG,19,2.8,7.5,0.371,0.8,1.6,2.1,0.769,1.7,1.1,0.4,0.1,0.6,7.9,-0.4
Bogdan Bogdanovic,1,SG,78,4.4,9.9,0.446,1.7,1.3,1.5,0.84,2.9,3.3,0.9,0.2,1.6,11.8,0.6
Chris Boucher,1,PF,1,0,1,0,0,0,0,0,1,0,0,0,0,0,0
Tony Bradley,1,C,9,0.3,1.2,0.273,0,0.2,0.2,1,1.2,0.1,0,0,0,0.9,-0.1
Dillon Brooks,1,SF,82,4.1,9.4,0.44,1.1,1.5,2,0.747,3.1,1.6,0.9,0.2,1.5,11,-0.7
Sterling Brown,1,SG,54,1.5,3.8,0.4,0.6,0.4,0.4,0.875,2.6,0.5,0.6,0.2,0.5,4,-0.4
Thomas Bryant,1,C,15,0.5,1.4,0.381,0.1,0.3,0.6,0.556,1.1,0.4,0.1,0.1,0.1,1.5,0
Alex Caruso,1,PG,37,1.4,3.1,0.431,0.4,0.6,0.8,0.7,1.8,2,0.6,0.3,1.1,3.6,-0.1
Tyler Cavanaugh,1,PF,39,1.7,3.9,0.441,0.8,0.4,0.5,0.81,3.3,0.7,0.2,0.1,0.4,4.7,0.1
Gian Clavell,1,SG,7,0.9,2.6,0.333,0.9,0.3,0.3,1,1,0.4,0.3,0,0.3,2.9,0
Antonius Cleveland,1,SG,17,0.5,1.2,0.381,0.2,0.2,0.4,0.667,0.8,0.1,0.4,0.3,0.4,1.4,-0.1
Zach Collins,1,C,66,1.7,4.4,0.398,0.5,0.4,0.6,0.643,3.3,0.8,0.3,0.5,0.9,4.4,-0.3
Kyle Collinsworth,1,SF,32,1.2,3.1,0.384,0.1,0.7,1.3,0.525,3.3,1.8,0.5,0.3,0.8,3.2,0
Charles Cooke,1,SG,13,0.2,1.1,0.143,0.1,0.1,0.2,0.5,0.2,0.1,0.1,0,0.1,0.5,-0.1
Matt Costello,1,C,4,0.5,1,0.5,0,0,0,0,2.3,0.5,0.5,0.5,0.3,1,0
Torrey Craig,1,SF,39,1.6,3.5,0.453,0.4,0.6,0.9,0.629,3.3,0.6,0.3,0.4,0.5,4.2,-0.1
Tyler Dorsey,1,SG,56,2.6,6.8,0.377,1.3,0.8,1.1,0.714,2.3,1.4,0.3,0.1,0.7,7.2,-0.5
Damyean Dotson,1,SG,44,1.6,3.7,0.447,0.5,0.4,0.5,0.696,1.9,0.7,0.3,0,0.4,4.1,-0.1
Milton Doyle,1,SG,10,1.3,4.7,0.277,0.4,0.4,0.8,0.5,1.8,1,0.6,0.2,0.2,3.4,-0.1
PJ Dozier,1,PG,2,0.5,1,0.5,0,0,0,0,0.5,0,0,0,0.5,1,0
Jawun Evans,1,PG,48,1.9,5.3,0.352,0.3,0.8,1,0.776,1.8,2.1,0.8,0.1,0.9,4.8,-0.5
Terrance Ferguson,1,SG,61,1.1,2.8,0.414,0.7,0.1,0.2,0.9,0.8,0.3,0.4,0.2,0.2,3.1,-0.1
De'Aaron Fox,1,PG,73,4.5,10.9,0.412,0.6,1.9,2.7,0.723,2.8,4.4,1,0.3,2.4,11.6,-1.2
Markelle Fultz,1,SG,14,3.2,7.9,0.405,0,0.7,1.5,0.476,3.1,3.8,0.9,0.3,1.2,7.1,-0.1
Josh Gray,1,PG,5,2.2,8.2,0.268,0.6,1.4,2.2,0.636,2,2.4,1.6,0.4,1.4,6.4,-0.1
Daniel Hamilton,1,SG,6,0.8,1.8,0.455,0.3,0,0,0,0.8,1.3,0.2,0,0.3,2,0
Shaquille Harrison,1,PG,23,2.6,5.4,0.476,0.3,1.2,1.7,0.737,2.7,2.4,1.1,0.3,1,6.6,0.2
Josh Hart,1,SG,63,2.8,6,0.469,1.2,1,1.5,0.702,4.2,1.3,0.7,0.3,0.7,7.9,0.7
Nigel Hayes,1,SF,9,1.2,3.7,0.333,0.4,0.1,0.3,0.333,2.4,0.7,0.2,0.3,0.2,3,-0.1
Reggie Hearn,1,SG,3,0.3,0.7,0.5,0.3,0,0,0,0,0,0,0,0,1,0
Myke Henry,1,SF,20,2.1,5.5,0.376,1,0.3,0.5,0.6,1.9,1.1,1.6,0.3,1,5.4,0.1
Isaiah Hicks,1,PF,18,1.8,4,0.458,0.1,0.7,1,0.667,2.3,0.9,0.1,0.2,0.9,4.4,-0.2
John Holland,1,SF,24,0.7,2.5,0.288,0.5,0.4,0.5,0.692,1,0.2,0.3,0.1,0.3,2.3,-0.2
Vince Hunter,1,PF,4,0.8,1.3,0.6,0,0,0,0,0.8,0,0,0.3,0.3,1.5,0
Andre Ingram,1,SG,2,4,8.5,0.471,2.5,1.5,1.5,1,3,3.5,1.5,1.5,1.5,12,0.1
Jonathan Isaac,1,PF,27,2,5.4,0.379,0.6,0.7,0.9,0.76,3.7,0.7,1.2,1.1,1,5.4,0
Wesley Iwundu,1,SF,62,1.5,3.5,0.427,0.1,0.5,0.8,0.723,2.2,0.9,0.5,0.2,0.5,3.7,-0.4
Aaron Jackson,1,PG,1,3,9,0.333,1,1,2,0.5,3,1,0,0,1,8,-0.1
Josh Jackson,1,SF,77,5.1,12.1,0.417,0.7,2.3,3.6,0.634,4.6,1.5,1,0.5,1.9,13.1,-1.1
Justin Jackson,1,SF,68,2.7,6.2,0.442,0.8,0.4,0.5,0.722,2.8,1.1,0.4,0.2,0.6,6.7,-0.6
Mike James,1,PG,36,3.4,8.9,0.383,0.7,1.8,2.3,0.762,2.5,3.5,0.8,0.2,1.4,9.3,-0.1
Dakari Johnson,1,C,31,0.7,1.3,0.564,0,0.4,0.6,0.55,1.1,0.3,0.2,0.3,0.1,1.8,0.1
Omari Johnson,1,PF,4,2.3,5.3,0.429,1,0,0,0,2.8,1.8,0.5,0,0.8,5.5,0
Jalen Jones,1,SF,16,1.6,4.3,0.382,0.6,0.8,1.2,0.632,2.4,0.3,0.3,0.1,0.4,4.6,-0.2
Luke Kennard,1,SG,73,2.8,6.4,0.443,1.1,0.9,1,0.855,2.4,1.7,0.6,0.2,0.9,7.6,0.2
Maxi Kleber,1,PF,72,2.1,4.3,0.489,0.6,0.6,0.8,0.746,3.3,0.7,0.4,0.7,0.4,5.4,0.7
Furkan Korkmaz,1,SG,14,0.6,2,0.286,0.4,0.1,0.3,0.5,0.8,0.3,0.1,0.1,0.1,1.6,-0.1
Luke Kornet,1,PF,20,2.5,6.3,0.392,1.4,0.4,0.6,0.727,3.2,1.3,0.3,0.8,0.6,6.7,0.2
Kyle Kuzma,1,PF,77,6.1,13.5,0.45,2.1,1.9,2.7,0.707,6.3,1.8,0.6,0.4,1.8,16.1,0.4
T.J. Leaf,1,PF,53,1.2,2.6,0.471,0.3,0.2,0.3,0.625,1.5,0.2,0.1,0.1,0.2,2.9,-0.3
Damion Lee,1,SG,15,4.1,10.1,0.408,1,1.5,1.9,0.759,4.7,1.9,1.3,0.1,0.9,10.7,0
Walt Lemon,1,PG,5,1.4,3.2,0.438,0.2,0.4,0.6,0.667,0.4,1,0,0.2,0.8,3.4,-0.1
Tyler Lydon,1,PF,1,0,0,0,0,0,0,0,0,0,0,0,0,0,0
Josh Magette,1,PG,18,0.8,2.6,0.326,0.4,0.4,0.4,1,1.1,3.2,0.4,0.1,0.5,2.6,-0.2
Lauri Markkanen,1,PF,68,5.5,12.7,0.434,2.1,2.1,2.4,0.843,7.5,1.2,0.6,0.6,1.2,15.2,0.1
Frank Mason,1,PG,52,2.8,7.3,0.379,0.6,1.8,2.2,0.817,2.5,2.8,0.7,0.2,1.3,7.9,-0.4
Mangok Mathiang,1,C,4,1,1.8,0.571,0,0,0.3,0,2.5,0,0.3,0,0,2,0
Erik McCree,1,SF,4,0,0.5,0,0,0,0,0,0.3,0,0.3,0,0.3,0,0
Trey McKinney-Jones,1,SG,1,0,0,0,0,0,0,0,0,0,0,0,0,0,0
Alfonzo McKinnie,1,SF,14,0.6,1.1,0.533,0.2,0.1,0.2,0.667,0.5,0.1,0.1,0.1,0.2,1.5,0
Malcolm Miller,1,SF,15,0.9,1.9,0.464,0.5,0.3,0.3,1,1,0.2,0.1,0.1,0.3,2.5,0
Naz Mitrou-Long,1,SG,1,1,1,1,1,0,0,0,0,0,0,0,0,3,0
Malik Monk,1,SG,63,2.4,6.7,0.36,1.3,0.5,0.6,0.842,1,1.4,0.3,0.1,0.8,6.7,-0.5
Ben Moore,1,PF,2,0,0,0,0,0,0,0,0.5,0.5,0,0,0,0,0
Jaylen Morris,1,SG,6,2.2,5.3,0.406,0.3,0,0,0,2.7,1.2,0.3,0.2,1,4.7,-0.1
Monte Morris,1,PG,3,1.3,2,0.667,0,0.7,0.7,1,0.7,2.3,1,0,0.3,3.3,0
Johnathan Motley,1,PF,11,3.6,6.8,0.533,0.1,1.4,2.5,0.536,4.5,0.6,0.3,0.2,0.8,8.7,-0.1
Abdel Nader,1,SF,48,1,3.1,0.336,0.5,0.5,0.8,0.59,1.5,0.5,0.3,0.2,0.7,3,-0.5
Frank Ntilikina,1,PG,78,2.3,6.4,0.364,0.6,0.6,0.9,0.721,2.3,3.2,0.8,0.2,1.7,5.9,-0.8
Royce O'Neale,1,SF,69,1.7,4.1,0.423,0.6,0.9,1.1,0.803,3.4,1.4,0.5,0.2,0.8,5,0.4
Semi Ojeleye,1,PF,73,0.9,2.6,0.346,0.5,0.3,0.6,0.61,2.2,0.3,0.3,0.1,0.3,2.7,-0.4
Cedi Osman,1,SF,61,1.5,3,0.484,0.5,0.4,0.8,0.565,2,0.7,0.4,0,0.5,3.9,-0.2
Marcus Paige,1,PG,5,0.8,2.8,0.286,0.4,0.4,0.4,1,0.8,0.6,0,0,0,2.4,0
Justin Patton,1,C,1,1,2,0.5,0,0,0,0,0,0,1,0,0,2,0
Brandon Paul,1,SG,64,0.9,2,0.433,0.2,0.3,0.7,0.512,1.1,0.6,0.4,0.1,0.5,2.3,-0.1
London Perrantes,1,PG,14,0.1,0.9,0.154,0,0.2,0.4,0.6,0.3,0.4,0.1,0.1,0.1,0.5,-0.1
Alec Peters,1,PF,20,1.4,3.7,0.378,0.9,0.4,0.5,0.8,1.9,0.6,0.1,0.1,0.2,4.1,-0.1
Jacob Pullen,1,PG,3,0.3,0.7,0.5,0,0,0,0,0,0,0,0,0.3,0.7,0
Rodney Purvis,1,SG,16,2.2,6.7,0.327,0.8,0.8,0.9,0.867,1.7,1.1,0.2,0.2,0.6,6,-0.4
Zhou Qi,1,C,18,0.3,1.8,0.188,0.1,0.4,0.7,0.667,1.2,0.1,0.1,0.8,0.6,1.2,-0.2
Ivan Rabb,1,PF,36,2.4,4.2,0.566,0,0.8,1,0.806,4.4,0.9,0.3,0.4,1,5.6,0.1
Xavier Rathan-Mayes,1,SG,5,2.4,8.4,0.286,0.2,0.8,1.8,0.444,1,3.6,1.2,0.6,2.2,5.8,-0.3
Davon Reed,1,SG,21,1,3.6,0.289,0.5,0.4,0.6,0.667,1.9,0.6,0.5,0.1,0.5,3,-0.3
Devin Robinson,1,SF,1,1,3,0.333,0,0,0,0,5,0,1,0,0,2,0
Kobi Simmons,1,PG,32,2.5,5.9,0.423,0.3,0.8,0.8,1,1.6,2.1,0.6,0.2,1.4,6.1,-0.6
Dennis Smith,1,PG,69,5.9,14.8,0.395,1.5,1.9,2.8,0.694,3.8,5.2,1,0.3,2.8,15.2,-0.1
Edmond Sumner,1,PG,1,1,1,1,0,0,0,0,1,0,0,0,0,2,0
Caleb Swanigan,1,PF,27,0.9,2.2,0.4,0,0.4,0.7,0.667,2,0.5,0.2,0.1,0.7,2.3,-0.2
Milos Teodosic,1,PG,45,3.4,8,0.419,2,0.9,1,0.848,2.8,4.6,0.5,0.1,2.2,9.5,0.2
Sindarius Thornwell,1,SG,73,1.4,3.2,0.429,0.3,0.8,1.2,0.67,1.9,0.9,0.7,0.3,0.7,3.9,0.1
Tyrone Wallace,1,PG,30,3.7,8.2,0.445,0.3,2,2.6,0.782,3.5,2.4,0.9,0.4,1.5,9.7,0
Derrick Walton,1,PG,16,0.5,1.6,0.32,0.4,0.4,0.4,1,1,1,0.4,0.2,0.1,1.8,0.1
Jameel Warney,1,PF,3,2.3,4,0.583,0,1,1.7,0.6,3,0,0,0,0.3,5.7,-0.1
James Webb,1,SF,10,0.6,2.4,0.25,0.4,0,0,0,2.4,0.4,0.1,0,0.4,1.6,-0.1
Andrew White,1,SF,15,1.7,4.9,0.342,1.2,0.1,0.3,0.25,2.3,0.4,0.2,0.1,0.5,4.6,-0.3
Derrick White,1,PG,17,0.9,1.9,0.485,0.5,0.8,1.2,0.7,1.5,0.5,0.2,0.2,0.4,3.2,0.1
Jacob Wiley,1,PF,5,0.2,0.8,0.25,0.2,0.2,0.4,0.5,2.2,0.4,0.2,0,0,0.8,0
C.J. Williams,1,SG,38,2.3,5.2,0.442,0.6,0.3,0.4,0.813,1.5,1.1,0.8,0.3,0.5,5.5,0.1
Matt Williams,1,SG,3,0.7,2,0.333,0.3,0,0,0,0.3,0,0,0,0.3,1.7,0
D.J. Wilson,1,PF,22,0.4,0.7,0.563,0.1,0,0.1,0.5,0.5,0.1,0.1,0,0.2,1,0
Jamil Wilson,1,SF,15,2.5,5.4,0.469,1.8,0.1,0.3,0.5,2.1,0.7,0.3,0.5,0.5,7,0.1
Guerschon Yabusele,1,PF,33,0.8,1.8,0.426,0.4,0.5,0.7,0.682,1.6,0.5,0.1,0.2,0.4,2.4,0.1
Ante Zizic,1,C,32,1.5,2.1,0.731,0,0.7,0.9,0.724,1.9,0.2,0.1,0.4,0.3,3.7,0.1
Alex Abrines,0,SG,75,1.5,3.9,0.395,1.1,0.5,0.6,0.848,1.5,0.4,0.5,0.1,0.3,4.7,-0.1
Quincy Acy,0,PF,70,1.9,5.2,0.356,1.5,0.7,0.9,0.817,3.7,0.8,0.5,0.4,0.9,5.9,-0.1
Arron Afflalo,0,SG,53,1.2,3.1,0.401,0.5,0.4,0.5,0.846,1.2,0.6,0.1,0.2,0.4,3.4,-0.7
Cole Aldrich,0,C,21,0.2,0.7,0.333,0,0.1,0.3,0.333,0.7,0.1,0.1,0,0,0.6,-0.1
Tony Allen,0,SF,22,2,4.1,0.484,0.2,0.5,1,0.524,2.1,0.4,0.5,0.1,0.9,4.7,-0.2
Justin Anderson,0,SF,38,2.3,5.3,0.431,0.9,0.7,1,0.737,2.4,0.7,0.4,0.2,0.4,6.2,0
Carmelo Anthony,0,PF,78,6.1,15,0.404,2.2,1.9,2.5,0.767,5.8,1.3,0.6,0.6,1.3,16.2,-1.1
Darrell Arthur,0,PF,19,1.2,2.5,0.468,0.4,0.1,0.2,0.667,0.8,0.5,0.4,0.2,0.8,2.8,-0.1
Omer Asik,0,C,18,0.5,1.2,0.409,0,0.2,0.7,0.308,2.6,0.2,0.1,0.2,0.5,1.2,-0.3
D.J. Augustin,0,PG,75,3.3,7.2,0.452,1.5,2.2,2.5,0.868,2.1,3.8,0.7,0,1.6,10.2,0.5
Luke Babbitt,0,SF,50,1.8,4.3,0.423,1.2,0.3,0.4,0.773,1.9,0.6,0.2,0.1,0.4,5.2,-0.2
Ron Baker,0,SG,29,0.7,2,0.339,0.4,0.7,0.9,0.769,1,1.6,0.9,0.2,0.6,2.4,0.1
Wade Baldwin,0,PG,7,2,3,0.667,0.6,0.9,1.4,0.6,1.1,0.7,0.3,0.1,0.6,5.4,0
J.J. Barea,0,PG,69,4.4,10,0.439,1.7,1.2,1.5,0.784,2.9,6.3,0.5,0,2.1,11.6,0.8
Harrison Barnes,0,PF,77,7,15.7,0.445,1.5,3.4,4.1,0.827,6.1,2,0.6,0.2,1.5,18.9,-0.1
Jerryd Bayless,0,SG,39,2.8,6.7,0.416,1.4,0.9,1.1,0.795,2.1,1.4,0.6,0.2,1.2,7.9,-0.2
Aron Baynes,0,C,81,2.6,5.5,0.471,0,0.7,1,0.756,5.4,1.1,0.3,0.6,1,6,0.1
Malik Beasley,0,SG,62,1.2,2.9,0.41,0.5,0.4,0.5,0.667,1.1,0.5,0.2,0.1,0.4,3.2,-0.5
Michael Beasley,0,PF,74,5.5,10.9,0.507,0.5,1.7,2.1,0.78,5.6,1.7,0.5,0.6,1.9,13.2,0.2
Marco Belinelli,0,SG,80,4.2,9.6,0.441,1.9,1.9,2,0.908,1.9,1.9,0.8,0.2,1.2,12.1,0.3
DeAndre' Bembry,0,SF,26,2,4.9,0.414,0.4,0.7,1.3,0.576,2.8,1.9,0.8,0.5,1.8,5.2,-0.3
Dragan Bender,0,PF,82,2.3,5.9,0.386,1.4,0.5,0.6,0.765,4.4,1.6,0.3,0.6,1.4,6.5,-0.4
Davis Bertans,0,PF,77,2.1,4.8,0.44,1.2,0.5,0.6,0.816,2,1,0.3,0.4,0.5,5.9,0.8
Patrick Beverley,0,SG,11,4.4,10.8,0.403,2.2,1.3,1.5,0.824,4.1,2.9,1.7,0.5,2.3,12.2,0.2
Bismack Biyombo,0,C,82,2.2,4.3,0.52,0,1.2,1.9,0.65,5.7,0.8,0.3,1.2,1,5.7,0.2
Nemanja Bjelica,0,PF,67,2.6,5.5,0.461,1.1,0.5,0.7,0.8,4.1,1.3,0.7,0.2,0.8,6.8,0.9
Tarik Black,0,C,51,1.5,2.5,0.591,0,0.6,1.2,0.46,3.2,0.3,0.4,0.6,0.7,3.5,0.1
Vander Blue,0,SG,5,0.2,1,0.2,0,0.2,0.4,0.5,0.2,0.6,0.2,0,0.6,0.6,-0.1
Bojan Bogdanovic,0,SF,80,5.1,10.7,0.474,1.9,2.2,2.6,0.868,3.4,1.5,0.7,0.1,1.3,14.3,0.8
Andrew Bogut,0,C,23,0.7,1.1,0.68,0,0.1,0.1,1,3.4,0.7,0.2,0.6,0.8,1.6,0.1
Joel Bolomboy,0,PF,6,0.5,1,0.5,0,0.5,1,0.5,1.7,0,0.3,0,0.3,1.5,-0.1
Trevor Booker,0,PF,68,2.6,5,0.516,0.1,1,1.4,0.71,4.7,1.2,0.4,0.3,0.9,6.3,0.4
Avery Bradley,0,SG,46,5.6,13.6,0.414,1.6,1.4,1.8,0.768,2.5,2,1.1,0.2,2.2,14.3,-0.8
Corey Brewer,0,SF-SG,72,2,4.4,0.449,0.4,0.9,1.3,0.722,2.1,0.9,1.1,0.2,0.7,5.3,0.4
Malcolm Brogdon,0,PG,48,5.1,10.5,0.485,1.3,1.6,1.8,0.882,3.3,3.2,0.9,0.3,1.4,13,0.2
Aaron Brooks,0,PG,32,0.9,2.2,0.406,0.3,0.3,0.3,0.727,0.5,0.6,0.2,0,0.3,2.3,-0.1
MarShon Brooks,0,SG,7,7.3,14.6,0.5,2.7,2.9,3.3,0.87,3,3.6,1.6,0.4,2.3,20.1,0.3
Anthony Brown,0,SF,1,1,1,1,1,0,0,0,0,1,0,0,0,3,0
Bobby Brown,0,PG,20,1,2.9,0.328,0.6,0.1,0.1,0.5,0.4,0.6,0.2,0,0.5,2.5,-0.2
Lorenzo Brown,0,PG,14,1,2.4,0.412,0.1,0.1,0.1,1,1.1,0.9,0.4,0,0.2,2.3,0
Markel Brown,0,SG,4,0.5,1.8,0.286,0.3,0,0,0,1.3,0.5,0,0,0.5,1.3,-0.1
Nicolas Brussino,0,SF,4,0,0.5,0,0,0,0,0,0.8,0,0,0,0,0,0
Trey Burke,0,PG,36,5.4,10.7,0.503,1.1,1,1.6,0.649,2,4.7,0.7,0.1,1.2,12.8,0.6
Alec Burks,0,SG,64,2.7,6.5,0.411,0.7,1.7,1.9,0.863,3,1,0.6,0.1,0.9,7.7,-0.2
Dwight Buycks,0,PG,29,2.8,6.8,0.414,0.5,1.2,1.4,0.878,1.4,2,0.7,0.1,1.3,7.4,-0.2
Bruno Caboclo,0,SF,12,0.8,2.6,0.29,0.3,0.4,0.5,0.833,1.8,0.3,0.3,0.3,0.3,2.2,-0.1
Jose Calderon,0,PG,57,1.6,3.2,0.503,0.8,0.4,0.5,0.8,1.5,2.1,0.5,0,0.7,4.5,0
Isaiah Canaan,0,PG-SG,20,2.6,6.9,0.38,1.1,2.3,2.6,0.902,2.3,3.8,0.8,0.1,1.5,8.6,0
Vince Carter,0,SF,58,2,4.9,0.403,1,0.5,0.6,0.757,2.6,1.2,0.7,0.4,0.6,5.4,0.2
Michael Carter-Williams,0,PG,52,1.5,4.4,0.332,0.3,1.4,1.7,0.82,2.7,2.2,0.8,0.4,1,4.6,0.3
Omri Casspi,0,SF,53,2.3,3.9,0.58,0.2,0.9,1.3,0.725,3.8,1,0.3,0.4,0.7,5.7,0.1
Mario Chalmers,0,PG,66,2.5,6.7,0.379,0.8,1.8,2.1,0.855,2.4,3,1.2,0.2,1.8,7.7,-0.3
Tyson Chandler,0,C,46,2.6,4.1,0.647,0,1.3,2,0.624,9.1,1.2,0.3,0.6,1.3,6.5,0.5
Wilson Chandler,0,SF,74,3.8,8.5,0.445,1.2,1.2,1.5,0.772,5.4,2.1,0.6,0.5,1.2,10,0.6
Marquese Chriss,0,PF,72,2.8,6.6,0.423,0.8,1.3,2.2,0.608,5.5,1.2,0.7,1,1.5,7.7,0
Ian Clark,0,SG,74,3,6.7,0.448,0.8,0.6,0.8,0.763,1.7,1.5,0.4,0.1,0.8,7.4,-0.7
Jordan Clarkson,0,SG,81,5.3,11.8,0.451,1.4,1.9,2.3,0.8,2.7,2.7,0.7,0.1,1.6,13.9,0.1
Nick Collison,0,PF,15,0.9,1.3,0.684,0,0.3,0.9,0.385,1.3,0.3,0,0,0.5,2.1,-0.1
Mike Conley,0,PG,12,5.3,14,0.381,2,4.4,5.5,0.803,2.3,4.1,1,0.3,1.5,17.1,0
Pat Connaughton,0,SG,82,2,4.8,0.423,0.9,0.5,0.5,0.841,2,1.1,0.3,0.3,0.5,5.4,0.3
Quinn Cook,0,PG,33,3.7,7.6,0.484,1.4,0.7,0.8,0.88,2.5,2.7,0.4,0,1,9.5,0
Jack Cooley,0,PF,7,1.9,3.9,0.481,0,2,2.7,0.737,4.3,0.9,0.1,0,0.4,5.7,0
Allen Crabbe,0,SG,75,4.5,11,0.407,2.7,1.5,1.8,0.852,4.3,1.6,0.6,0.5,1,13.2,0.7
Jamal Crawford,0,SG,80,3.9,9.3,0.415,1.3,1.3,1.4,0.903,1.2,2.3,0.5,0.1,1.2,10.3,-0.8
Jordan Crawford,0,SG,5,2.4,5.4,0.444,1.6,0.2,0.2,1,0.8,2.6,0.2,0.2,1,6.6,0
Jae Crowder,0,SF,80,3.4,8.4,0.404,1.4,1.5,1.9,0.818,3.4,1.2,0.8,0.3,0.9,9.7,0.1
Dante Cunningham,0,SF,73,2.2,5,0.451,0.8,0.4,0.7,0.596,4.1,0.7,0.5,0.4,0.5,5.7,0.2
Troy Daniels,0,SG,79,2.9,7.3,0.403,2.3,0.7,0.8,0.875,1.6,0.6,0.3,0.1,0.7,8.9,-0.4
Deyonta Davis,0,C,62,2.6,4.3,0.608,0,0.6,0.9,0.667,4,0.6,0.2,0.6,0.5,5.8,0.3
Ed Davis,0,C,78,2.2,3.7,0.582,0,0.9,1.4,0.667,7.4,0.5,0.4,0.7,0.8,5.3,0.7
Sam Dekker,0,PF,73,1.8,3.5,0.494,0.1,0.5,0.8,0.661,2.4,0.5,0.3,0.1,0.5,4.2,-0.2
Malcolm Delaney,0,PG,54,2,5.3,0.382,0.9,1.4,1.7,0.804,1.9,3,0.6,0.1,1.2,6.3,-0.4
Matthew Dellavedova,0,PG,38,1.4,4,0.362,0.8,0.7,0.7,0.926,1.7,3.8,0.4,0,1.3,4.3,-0.7
Luol Deng,0,SF,1,1,2,0.5,0,0,0,0,0,1,1,0,1,2,0
Cheick Diallo,0,PF,52,2,3.4,0.58,0,1,1.3,0.758,4.1,0.4,0.2,0.4,0.5,4.9,-0.2
Gorgui Dieng,0,C,79,2.4,4.9,0.479,0.2,1,1.3,0.775,4.6,0.9,0.6,0.5,0.7,5.9,0.5
Larry Drew,0,PG,10,0.7,2.4,0.292,0.3,0,0,0,0.3,1,0,0,0.3,1.7,-0.2
Jared Dudley,0,PF,48,1,2.5,0.393,0.6,0.6,0.7,0.771,2,1.6,0.5,0.2,0.6,3.2,0
Kris Dunn,0,PG,52,5.5,12.8,0.429,0.8,1.6,2.2,0.737,4.3,6,2,0.5,2.9,13.4,0.7
Jarell Eddie,0,SF,3,0,0.7,0,0,0,0,0,0.3,0,0.3,0,0,0,0
Henry Ellenson,0,PF,38,1.4,3.8,0.363,0.5,0.7,0.8,0.862,2.1,0.5,0.1,0,0.5,4,-0.4
James Ennis,0,SF,72,2.5,5.3,0.474,0.7,1.3,1.6,0.836,3.1,1,0.7,0.3,0.8,7.1,0.4
Tyler Ennis,0,PG,54,1.7,4.1,0.42,0.3,0.4,0.5,0.759,1.8,1.9,0.6,0.2,0.7,4.1,-0.1
Jeremy Evans,0,SF,1,1,1,1,0,0,0,0,1,0,0,0,1,2,0
Dante Exum,0,PG,14,3,6.2,0.483,0.4,1.8,2.2,0.806,1.9,3.1,0.6,0.2,1.4,8.1,0
Kenneth Faried,0,PF,32,2.4,4.6,0.514,0,1.1,1.6,0.706,4.8,0.6,0.4,0.4,0.7,5.9,0
Kay Felder,0,PG,16,1.3,4.4,0.3,0.3,0.7,0.8,0.917,1.1,1.3,0.2,0.1,1,3.6,-0.4
Cristiano Felicio,0,C,55,2.3,3.9,0.591,0,1,1.5,0.667,4.2,1,0.3,0.2,1,5.6,-0.1
Raymond Felton,0,PG,82,2.7,6.7,0.406,1,0.4,0.5,0.818,1.9,2.5,0.6,0.2,0.9,6.9,-0.3
Yogi Ferrell,0,SG,82,3.8,8.9,0.426,1.6,1,1.3,0.796,3,2.5,0.8,0.1,1,10.2,0.6
Dorian Finney-Smith,0,PF,21,2.2,5.8,0.38,1,0.5,0.7,0.733,3.6,1.2,0.5,0.2,1,5.9,-0.1
Bryn Forbes,0,SG,80,2.6,6.2,0.421,1.1,0.6,0.9,0.667,1.4,1,0.4,0,0.5,6.9,-0.4
Evan Fournier,0,SF,57,6.5,14.1,0.459,2.2,2.6,3,0.867,3.2,2.9,0.8,0.3,1.7,17.8,0.7
Tim Frazier,0,PG,59,1.2,2.9,0.395,0.3,0.4,0.5,0.767,1.9,3.3,0.8,0.1,1,3,0
Channing Frye,0,C,53,2,4,0.491,0.7,0.3,0.4,0.895,2.5,0.7,0.3,0.2,0.4,5,0.1
Danilo Gallinari,0,SF,21,4.9,12.2,0.398,1.7,3.9,4.1,0.931,4.8,2,0.6,0.5,1.2,15.3,0.1
Langston Galloway,0,SG,58,2.2,5.9,0.371,1.3,0.6,0.7,0.805,1.6,1,0.6,0.1,0.3,6.2,0.1
Rudy Gay,0,PF,57,4.4,9.4,0.471,0.6,2,2.5,0.772,5.1,1.3,0.8,0.7,1.4,11.5,0.7
Marcus Georges-Hunt,0,SG,42,0.5,1.1,0.438,0.1,0.3,0.5,0.619,0.4,0.2,0.1,0,0.1,1.4,-0.1
Jonathan Gibson,0,PG,4,3.5,5.8,0.609,1.5,0,0,0,0.8,1,0,0,0.8,8.5,0
Manu Ginobili,0,SG,65,3.1,7.1,0.434,1,1.7,2,0.84,2.2,2.5,0.7,0.2,1.6,8.9,0.3
Eric Gordon,0,SG,69,6,14.1,0.428,3.2,2.8,3.5,0.809,2.5,2.2,0.6,0.4,1.9,18,0.5
Treveon Graham,0,SG,63,1.5,3.5,0.434,0.6,0.7,0.9,0.695,1.9,0.9,0.5,0,0.4,4.3,0.3
Jerami Grant,0,PF,81,3,5.6,0.535,0.4,2,3,0.675,3.9,0.7,0.4,1,0.7,8.4,0.6
Jerian Grant,0,PG,74,2.8,6.8,0.416,0.8,1.9,2.5,0.745,2.3,4.6,0.9,0.1,1.2,8.4,0
Gerald Green,0,SG,41,4.1,10.1,0.407,2.7,1.2,1.5,0.85,3.2,0.6,0.6,0.4,0.8,12.1,0
JaMychal Green,0,PF,55,4.1,8.9,0.457,0.8,1.5,2,0.721,8.4,1.4,0.6,0.5,1.4,10.3,0.2
Jeff Green,0,PF,78,3.8,7.9,0.477,0.7,2.6,3,0.868,3.2,1.3,0.5,0.4,1,10.8,0.1
Tim Hardaway,0,SG,57,6.3,15,0.421,2.3,2.6,3.1,0.816,3.9,2.7,1.1,0.2,1.6,17.5,0.9
Devin Harris,0,PG,71,2.6,6.4,0.412,1.1,2,2.4,0.835,1.8,2.1,0.7,0.2,1.1,8.4,0
Aaron Harrison,0,SG,9,2.1,7.7,0.275,1,1.4,1.9,0.765,2.7,1.2,1,0.2,0.3,6.7,-0.1
Andrew Harrison,0,PG,56,3.2,7.7,0.422,0.8,2.2,2.8,0.78,2.3,3.2,0.7,0.5,1.4,9.5,-0.2
Udonis Haslem,0,C,14,0.2,1.1,0.2,0.1,0.1,0.1,0.5,0.7,0.4,0,0.1,0.1,0.6,-0.1
Gordon Hayward,0,SF,1,1,2,0.5,0,0,0,0,1,0,0,0,0,2,0
Juan Hernangomez,0,PF,25,1.2,3,0.387,0.6,0.4,0.5,0.833,2.2,0.5,0.2,0.1,0.4,3.3,-0.1
Willy Hernangomez,0,C,48,1.9,3.4,0.555,0.1,1.2,1.9,0.656,3.8,0.7,0.4,0.3,0.7,5.1,0.4
Mario Hezonja,0,SF,75,3.6,8.2,0.442,1.2,1.1,1.4,0.819,3.7,1.4,1.1,0.4,1.1,9.6,0.5
Nene Hilario,0,C,52,2.6,4.6,0.569,0,1.3,2.1,0.636,3.4,0.9,0.5,0.3,0.7,6.5,0.2
George Hill,0,PG,67,3.5,7.7,0.46,1.3,1.6,2.1,0.786,2.7,2.8,0.9,0.4,1.3,10,0.6
Solomon Hill,0,SF,12,0.9,3.4,0.268,0.3,0.3,0.5,0.5,3,1.8,0.6,0.1,0.8,2.4,-0.1
Darrun Hilliard,0,SG,14,0.4,1.4,0.263,0,0.4,0.5,0.857,0.5,0.8,0.1,0,0.3,1.1,-0.1
Justin Holiday,0,SG,72,4,10.9,0.371,2.2,1.9,2.3,0.823,4,2.1,1.1,0.4,1.3,12.2,0.4
Rondae Hollis-Jefferson,0,SF,68,5,10.6,0.472,0.2,3.7,4.6,0.788,6.8,2.5,1,0.7,1.8,13.9,0.8
Richaun Holmes,0,C,48,2.8,5,0.56,0.1,0.8,1.2,0.661,4.4,1.3,0.4,0.6,0.5,6.5,0.7
Rodney Hood,0,SG,60,5.4,12.5,0.429,2.1,1.9,2.2,0.86,2.8,1.6,0.8,0.2,1.2,14.7,0
Scotty Hopson,0,SG,1,0,1,0,0,1,2,0.5,0,1,0,0,1,1,0
Danuel House,0,SG,23,2.4,5.6,0.434,0.7,1.1,1.3,0.806,3.3,1.1,0.3,0.3,0.5,6.6,-0.1
Josh Huestis,0,PF,69,0.9,2.6,0.33,0.5,0.1,0.3,0.3,2.3,0.3,0.2,0.6,0.4,2.3,-0.5
R.J. Hunter,0,SG,5,1.4,4,0.35,0.6,0.4,0.4,1,1,0.6,0.6,0,0.4,3.8,0
Brandon Ingram,0,SF,59,6.1,12.9,0.47,0.7,3.3,4.8,0.681,5.3,3.9,0.8,0.7,2.5,16.1,0.4
Jarrett Jack,0,PG,62,3,7.1,0.427,0.4,1,1.2,0.84,3.1,5.6,0.6,0.1,1.9,7.5,-0.6
Demetrius Jackson,0,PG,15,0.5,1.2,0.389,0.1,0.1,0.1,0.5,0.8,0.6,0.3,0.1,0.7,1.1,-0.1
Reggie Jackson,0,PG,45,5.5,12.8,0.426,1.2,2.5,3,0.836,2.8,5.3,0.6,0.1,2.2,14.6,0.2
Al Jefferson,0,C,36,3.1,5.8,0.534,0,0.8,1,0.833,4,0.8,0.4,0.6,0.6,7,0.2
Richard Jefferson,0,SF,20,0.6,1.4,0.444,0.1,0.2,0.4,0.571,0.9,0.8,0.1,0.1,0.3,1.5,-0.2
Brandon Jennings,0,PG,14,1.9,5.1,0.375,0.6,0.7,0.7,1,2.2,3.1,0.4,0.3,1.3,5.2,-0.1
Jonas Jerebko,0,PF,74,2.1,4.6,0.466,0.9,0.6,0.8,0.807,3.3,0.6,0.3,0.2,0.4,5.8,0.4
Brice Johnson,0,PF,18,1.1,2.3,0.476,0,0.2,0.3,0.6,1.7,0.1,0.5,0.3,0.3,2.4,0
Joe Johnson,0,SF,55,2.7,6.5,0.406,0.7,0.7,0.8,0.889,3.1,1.5,0.3,0.1,0.9,6.8,-0.5
Stanley Johnson,0,SF,69,3,8.1,0.375,1,1.6,2.1,0.772,3.7,1.6,1.4,0.2,1.1,8.7,0.2
Wesley Johnson,0,SF,74,2,5,0.408,0.8,0.6,0.8,0.741,2.9,0.8,1,0.8,0.7,5.4,0.9
Damian Jones,0,C,15,0.7,1.5,0.5,0,0.2,0.3,0.6,0.9,0.1,0.1,0.2,0.3,1.7,-0.1
Derrick Jones,0,SF,20,1.1,2.7,0.396,0.2,0.8,1.2,0.667,1.9,0.5,0.2,0.7,0.4,3.1,0
Tyus Jones,0,PG,82,1.8,4,0.457,0.5,0.9,1,0.877,1.6,2.8,1.2,0.1,0.7,5.1,0.9
Cory Joseph,0,PG,82,3.1,7.4,0.424,0.8,0.9,1.1,0.745,3.2,3.2,1,0.2,1.1,7.9,0.5
Frank Kaminsky,0,PF,79,3.9,9.1,0.429,1.3,2,2.5,0.799,3.6,1.6,0.5,0.2,0.8,11.1,0.5
Michael Kidd-Gilchrist,0,SF,74,3.8,7.6,0.504,0,1.6,2.3,0.684,4.1,1,0.7,0.4,0.7,9.2,0.1
Sean Kilpatrick,0,SG,52,2.1,5.7,0.374,0.9,1.2,1.4,0.889,1.7,0.9,0.3,0.1,0.7,6.3,-0.7
Kosta Koufos,0,C,71,3.1,5.5,0.571,0,0.5,1,0.446,6.6,1.2,0.7,0.5,0.7,6.7,0.9
Mindaugas Kuzminskas,0,SF,1,0,2,0,0,0,0,0,0,0,0,0,0,0,0
Skal Labissiere,0,PF,60,3.4,7.6,0.448,0.3,1.6,2,0.805,4.8,1.2,0.4,0.8,1.2,8.7,-0.2
Shane Larkin,0,PG,54,1.6,4.1,0.384,0.6,0.6,0.7,0.865,1.7,1.8,0.5,0,0.6,4.3,0
Joffrey Lauvergne,0,C,55,1.8,3.5,0.516,0,0.5,0.9,0.638,3.1,0.7,0.2,0.1,0.6,4.1,0.1
Zach LaVine,0,SG,24,5.7,14.8,0.383,1.8,3.6,4.5,0.813,3.9,3,1,0.2,1.8,16.7,-0.1
Jake Layman,0,SF,35,0.4,1.3,0.298,0.1,0.1,0.1,0.667,0.5,0.3,0.2,0.1,0.1,1,-0.1
Kawhi Leonard,0,SF,9,5.8,12.3,0.468,1.2,3.4,4.2,0.816,4.7,2.3,2,1,1.8,16.2,0.4
Meyers Leonard,0,C,33,1.4,2.4,0.59,0.3,0.3,0.3,0.818,2.1,0.5,0.2,0,0.3,3.4,0.2
Jon Leuer,0,PF,8,1.9,4.5,0.417,0,1.6,1.9,0.867,4,0.6,0.1,0.4,0.9,5.4,-0.1
Caris LeVert,0,SF,71,4.5,10.4,0.435,1.2,1.9,2.6,0.711,3.7,4.2,1.2,0.3,2.2,12.1,0.7
DeAndre Liggins,0,SG,58,0.7,1.8,0.377,0.3,0,0.1,0.4,1.3,0.8,0.6,0.2,0.3,1.7,0
Jeremy Lin,0,PG,1,5,12,0.417,1,7,7,1,0,4,0,0,3,18,-0.1
Shaun Livingston,0,PG,71,2.4,4.8,0.501,0,0.7,0.9,0.82,1.8,2,0.5,0.3,0.8,5.5,-0.4
Kevon Looney,0,C,66,1.7,2.9,0.58,0,0.6,1.2,0.545,3.3,0.6,0.5,0.8,0.5,4,0.7
Robin Lopez,0,C,64,5.3,10.1,0.53,0.1,1.1,1.4,0.756,4.5,1.9,0.2,0.8,1.7,11.8,0
Timothe Luwawu-Cabarrot,0,SF,52,1.9,5.1,0.375,1,0.9,1.1,0.793,1.4,1,0.2,0.1,0.7,5.8,-0.5
Trey Lyles,0,PF,73,3.7,7.5,0.491,1.1,1.4,2,0.706,4.8,1.2,0.4,0.5,0.8,9.9,0.4
Shelvin Mack,0,PG,69,2.6,6,0.43,0.7,1,1.4,0.711,2.4,3.9,0.8,0.1,1.3,6.9,-0.1
Ian Mahinmi,0,C,77,1.8,3.2,0.556,0,1.2,1.7,0.703,4.1,0.7,0.5,0.5,1.3,4.8,0.4
Thon Maker,0,C,74,1.8,4.3,0.411,0.4,0.9,1.3,0.699,3,0.6,0.5,0.7,0.6,4.8,-0.2
Boban Marjanovic,0,C,39,2,3.8,0.534,0,2,2.5,0.794,3.7,0.6,0.3,0.3,0.9,6,0.1
Jarell Martin,0,PF,73,3,6.8,0.446,0.5,1.2,1.6,0.767,4.4,1,0.5,0.7,1.2,7.7,-0.4
Luc Mbah a Moute,0,PF,61,2.7,5.7,0.481,1,1.1,1.6,0.684,3,0.9,1.2,0.4,1.1,7.5,0.8
James Michael McAdoo,0,PF,3,0.7,2.3,0.286,0.7,0.7,0.7,1,0.7,0,0,0.3,0.3,2.7,0
Patrick McCaw,0,SG,57,1.6,3.9,0.409,0.3,0.5,0.6,0.765,1.4,1.4,0.8,0.2,0.7,4,-0.3
T.J. McConnell,0,PG,76,2.8,5.5,0.499,0.4,0.4,0.5,0.795,3,4,1.2,0.2,1.5,6.3,0.5
Chris McCullough,0,PF,19,0.9,2.2,0.429,0.1,0.5,0.7,0.643,1.3,0.2,0,0.3,0.1,2.4,-0.1
Doug McDermott,0,SF,81,2.9,6.3,0.467,1.1,0.8,1,0.79,2.5,1,0.2,0.2,0.7,7.8,-0.2
JaVale McGee,0,C,65,2.1,3.4,0.621,0,0.6,0.8,0.731,2.6,0.5,0.3,0.9,0.4,4.8,0.7
Rodney McGruder,0,SG,18,2,4.1,0.493,0.8,0.2,0.4,0.5,1.8,0.9,0.4,0.2,0.2,5.1,0.1
Ben McLemore,0,SG,56,2.8,6.7,0.421,1,0.9,1.1,0.828,2.5,0.9,0.7,0.3,1.1,7.5,-0.4
Josh McRoberts,0,PF,2,0,0.5,0,0,0,0,0,0,0,0,0,0,0,0
Jodie Meeks,0,SG,77,2,5.1,0.399,0.9,1.3,1.5,0.863,1.6,0.9,0.4,0.1,0.5,6.3,-0.2
Salah Mejri,0,C,61,1.4,2.2,0.642,0,0.6,1.1,0.576,4,0.6,0.4,1.1,0.6,3.5,0.9
Jordan Mickey,0,PF,23,1.7,3.6,0.476,0.1,0.6,0.8,0.684,3.5,0.4,0.3,0.4,0.8,4,-0.2
C.J. Miles,0,SF,70,3.2,8.6,0.379,2.3,1.2,1.4,0.835,2.2,0.8,0.5,0.3,0.6,10,0.5
Darius Miller,0,SF,82,2.6,5.9,0.444,1.8,0.7,0.8,0.866,2,1.4,0.3,0.2,0.7,7.8,0.5
Patty Mills,0,PG,82,3.4,8.3,0.411,1.9,1.3,1.4,0.89,1.9,2.8,0.7,0.1,1.3,10,0.9
Paul Millsap,0,PF,38,5.3,11.4,0.464,1,2.9,4.2,0.696,6.4,2.8,1,1.2,1.9,14.6,0.8
Luis Montero,0,SG,2,0,0.5,0,0,0,0,0,1,0,0,0,1,0,0
Eric Moreland,0,PF,67,1,1.8,0.541,0,0.2,0.4,0.379,4.1,1.2,0.5,0.8,0.6,2.1,0.9
Marcus Morris,0,PF,54,4.9,11.3,0.429,1.6,2.3,2.9,0.805,5.4,1.3,0.6,0.2,1.2,13.6,0.1
Markieff Morris,0,PF,73,4.5,9.4,0.48,1,1.4,1.8,0.82,5.6,1.9,0.8,0.5,1.7,11.5,0.7
Timofey Mozgov,0,C,31,1.7,3,0.559,0.1,0.7,1,0.767,3.2,0.4,0.2,0.4,1.1,4.2,-0.2
Emmanuel Mudiay,0,PG,64,3.2,8.2,0.388,0.7,1.5,2,0.76,2.4,3.2,0.6,0.2,1.8,8.6,-0.9
Shabazz Muhammad,0,SF-SG,43,2,4.4,0.447,0.2,0.9,1.2,0.78,1.8,0.3,0.2,0.1,0.1,5,-0.4
Xavier Munford,0,SG,6,0.2,1,0.167,0,0.2,0.3,0.5,0.2,0.7,0.2,0,0.3,0.5,-0.1
Mike Muscala,0,C,53,2.7,5.9,0.458,1.2,1.1,1.2,0.919,4.3,1,0.6,0.5,0.8,7.6,0.6
Shabazz Napier,0,PG,74,3,7.2,0.42,1.1,1.6,1.9,0.841,2.3,2,1.1,0.2,1.2,8.7,0.8
Jameer Nelson,0,PG,50,1.9,4.9,0.389,0.8,0.3,0.4,0.8,2.1,3.6,0.5,0.1,1.3,4.9,-0.5
Raul Neto,0,PG,41,1.7,3.7,0.457,0.5,0.6,0.9,0.743,1.2,1.8,0.3,0.1,0.9,4.5,-0.1
Georges Niang,0,PF,9,0.4,1.2,0.364,0,0.1,0.2,0.5,1,0.3,0.2,0,0.3,1,0
Joakim Noah,0,C,7,0.7,1.4,0.5,0,0.3,0.6,0.5,2,0.6,0.3,0.3,0.6,1.7,0
Nerlens Noel,0,C,30,1.8,3.5,0.524,0,0.7,0.9,0.75,5.6,0.7,1,0.7,0.9,4.4,0.4
Lucas Nogueira,0,C,49,1,1.6,0.613,0.1,0.4,0.6,0.679,1.8,0.4,0.5,0.9,0.3,2.5,0.8
David Nwaba,0,SG,70,2.9,6,0.478,0.3,1.9,2.9,0.655,4.7,1.5,0.8,0.4,1.1,7.9,0.1
Johnny O'Bryant,0,PF,36,1.9,4.8,0.398,0.4,0.6,0.7,0.84,2.6,0.4,0.3,0.2,0.4,4.8,-0.3
Emeka Okafor,0,C,26,1.8,3.7,0.505,0,0.7,0.8,0.818,4.6,0.3,0.3,1,0.5,4.4,0.1
Jahlil Okafor,0,C,28,2.8,4.9,0.558,0,0.8,1,0.724,3,0.4,0.1,0.6,0.8,6.3,-0.2
Chinanu Onuaku,0,C,1,2,5,0.4,0,0,0,0,4,1,0,0,3,4,-0.1
Kelly Oubre,0,SF,81,3.9,9.8,0.403,1.6,2.4,2.9,0.82,4.5,1.2,1,0.4,1.1,11.8,0.4
Zaza Pachulia,0,C,69,2.2,3.8,0.564,0,1.1,1.3,0.806,4.7,1.6,0.6,0.2,1,5.4,0.7
Georgios Papagiannis,0,C,17,1.1,2.5,0.429,0,0,0,0,2.2,0.5,0.2,0.4,0.5,2.1,-0.1
Jabari Parker,0,PF,31,5.2,10.7,0.482,1,1.3,1.7,0.741,4.9,1.9,0.8,0.3,1.5,12.6,0
Tony Parker,0,PG,55,3.2,7.1,0.459,0.2,1,1.4,0.705,1.7,3.5,0.5,0,1.2,7.7,-0.6
Chandler Parsons,0,SF,36,3,6.5,0.462,1.4,0.5,0.8,0.63,2.5,1.9,0.5,0.3,1,7.9,0.1
Patrick Patterson,0,PF,82,1.3,3.2,0.398,0.8,0.5,0.6,0.87,2.4,0.7,0.6,0.3,0.4,3.9,0.2
Adreian Payne,0,PF,5,1.4,2,0.7,0.4,1,1.2,0.833,1.8,0,0.4,0,0.4,4.2,0
Cameron Payne,0,PG,25,3.5,8.6,0.405,1.4,0.5,0.6,0.75,2.8,4.5,1,0.4,1.4,8.8,0.2
Gary Payton,0,PG,23,1.3,3.2,0.405,0.3,0.1,0.4,0.333,1.9,0.9,0.3,0.1,0.3,3,-0.1
Kendrick Perkins,0,C,1,1,2,0.5,0,1,2,0.5,1,2,1,0,1,3,0
Marshall Plumlee,0,C,8,0.1,0.4,0.333,0,1.5,2,0.75,2.1,0.3,0,0.1,0.4,1.8,0
Miles Plumlee,0,C,55,1.9,3.3,0.583,0,0.5,1.1,0.45,4.1,0.8,0.3,0.5,1.1,4.3,-0.1
Quincy Pondexter,0,SF,23,0.6,2.1,0.286,0.1,0.6,0.7,0.824,1.2,0.4,0.3,0.1,0.5,2,-0.2
Kristaps Porzingis,0,PF,48,8.1,18.5,0.439,1.9,4.5,5.7,0.793,6.6,1.2,0.8,2.4,1.9,22.7,0.5
Norman Powell,0,SG,70,2.1,5.3,0.401,0.8,0.5,0.6,0.821,1.7,1.3,0.5,0.2,0.9,5.5,-0.2
Alex Poythress,0,PF,25,0.4,1,0.423,0.2,0,0,0,0.7,0.1,0.1,0,0.1,1,-0.1
Tim Quarterman,0,SG,3,0.3,1,0.333,0,0.7,0.7,1,1,0.3,0,0,0.7,1.3,0
Zach Randolph,0,PF,59,6.1,12.9,0.473,0.9,1.4,1.8,0.785,6.7,2.2,0.7,0.2,2,14.5,0.1
Willie Reed,0,C,42,1.9,2.9,0.669,0,0.8,1.3,0.582,2.9,0.2,0.2,0.5,0.5,4.6,0.1
Malachi Richardson,0,SG,26,1.2,3.5,0.333,0.5,0.7,0.8,0.773,1.3,0.5,0.4,0,0.4,3.4,-0.4
Austin Rivers,0,SG,61,5.6,13.2,0.424,2.2,1.7,2.6,0.642,2.4,4,1.2,0.3,1.8,15.1,0.6
Andre Roberson,0,SG,39,2.2,4.2,0.537,0.2,0.3,1,0.316,4.7,1.2,1.2,0.9,0.8,5,0.9
Glenn Robinson,0,SF,23,1.6,3.7,0.424,0.6,0.4,0.5,0.818,1.6,0.7,0.6,0,0.2,4.1,0
Rajon Rondo,0,PG,65,3.6,7.6,0.468,0.8,0.4,0.7,0.543,4,8.2,1.1,0.2,2.3,8.3,0.4
Derrick Rose,0,PG,25,3.2,7.4,0.435,0.3,1.6,1.8,0.87,1.4,1.5,0.3,0.2,1.4,8.4,-0.6
Terrence Ross,0,SG,24,3.2,8,0.398,1.3,1.1,1.5,0.75,3,1.6,1.1,0.5,1.2,8.7,0
D'Angelo Russell,0,PG,48,5.8,14,0.414,1.9,2,2.7,0.74,3.9,5.2,0.8,0.4,3.1,15.5,0.5
Domantas Sabonis,0,C,74,4.6,8.9,0.514,0.2,2.3,3,0.75,7.7,2,0.5,0.4,1.9,11.6,0.8
JaKarr Sampson,0,SF,22,2,3.7,0.543,0.2,0.5,0.7,0.625,3.5,0.4,0.4,1,0.4,4.7,0.1
Dennis Schroder,0,PG,67,7.5,17.1,0.436,1.1,3.4,4,0.849,3.1,6.2,1.1,0.1,2.7,19.4,0.7
Mike Scott,0,PF,76,3.6,6.9,0.527,0.9,0.7,1,0.658,3.3,1.1,0.3,0.1,1,8.8,-0.1
Thabo Sefolosha,0,SF,38,3.1,6.3,0.492,0.8,1.2,1.4,0.815,4.2,0.9,1.4,0.3,0.8,8.2,0.8
Wayne Selden,0,SG,35,3.3,7.7,0.431,1.4,1.3,1.7,0.746,1.6,1.9,0.5,0.1,1.5,9.3,-0.4
Ramon Sessions,0,PG,28,1.5,4.2,0.359,0.3,1.6,2,0.772,1.4,2.8,0.5,0.1,1.1,4.9,-0.3
Iman Shumpert,0,SG,14,1.6,4.1,0.379,0.5,0.8,1.1,0.733,2.9,1.2,0.6,0.3,1.1,4.4,-0.1
Xavier Silas,0,SG,2,0,1.5,0,0,0,0,0,1,0,0.5,0,0,0,0
Jonathon Simmons,0,SG,69,5.1,11,0.465,1,2.7,3.5,0.768,3.5,2.5,0.8,0.2,2.1,13.9,-0.2
Kyle Singler,0,SF,12,0.6,1.8,0.333,0.2,0.6,1.1,0.538,0.8,0.2,0.1,0,0.3,1.9,-0.1
Marcus Smart,0,SG,54,3.5,9.5,0.367,1.4,1.8,2.5,0.729,3.5,4.8,1.3,0.4,2.4,10.2,0.6
Ish Smith,0,PG,82,4.7,9.8,0.486,0.4,1,1.4,0.698,2.7,4.4,0.8,0.2,1.3,10.9,0.4
J.R. Smith,0,SG,80,3,7.4,0.403,1.8,0.5,0.7,0.696,2.9,1.8,0.9,0.1,1,8.3,0.2
Jason Smith,0,C,33,1.4,3.5,0.391,0.1,0.6,0.6,0.905,1.6,0.4,0.1,0.4,0.5,3.4,-0.3
Josh Smith,0,PF,3,0.3,1.3,0.25,0,0,0,0,1.3,0,0,0,0,0.7,0
Tony Snell,0,SG,75,2.5,5.7,0.435,1.4,0.5,0.6,0.792,1.9,1.3,0.6,0.4,0.5,6.9,0.1
Marreese Speights,0,C,52,2.7,6.7,0.395,1.7,0.8,1.1,0.727,2.6,0.8,0.2,0.4,0.8,7.7,-0.1
Nik Stauskas,0,SG,41,1.5,3.8,0.39,1,0.5,0.7,0.724,1.6,1,0.2,0.1,0.6,4.4,-0.3
Lance Stephenson,0,SG,82,3.7,8.6,0.427,0.8,1,1.5,0.661,5.2,2.9,0.6,0.2,1.6,9.2,0
David Stockton,0,PG,3,0.7,1,0.667,0.7,1.3,1.3,1,0,0,0,0,0.3,3.3,0
Julyan Stone,0,SG,23,0.3,0.6,0.462,0.3,0,0.1,0.5,1.3,1.1,0.2,0.1,0.3,0.8,0
Isaiah Taylor,0,PG,67,2.4,5.8,0.418,0.3,1.5,2.1,0.702,1.4,3.1,0.5,0.1,1.3,6.6,-1
Marquis Teague,0,PG,3,1.3,5.3,0.25,0.3,0.7,1.7,0.4,2,4.3,1.3,0,1,3.7,-0.1
Mirza Teletovic,0,PF,10,2.5,5.7,0.439,2.1,0,0,0,2.3,1,0.4,0.1,0.7,7.1,0
Garrett Temple,0,SG,65,3.1,7.3,0.418,1.4,0.9,1.2,0.769,2.3,1.9,0.9,0.4,1.2,8.4,0.1
Jason Terry,0,SG,51,1.2,3,0.383,0.8,0.2,0.2,0.889,0.9,1.2,0.8,0.3,0.5,3.3,0
Isaiah Thomas,0,PG,32,4.9,13.2,0.373,1.7,3.7,4.1,0.893,2.1,4.8,0.5,0.1,3,15.2,-0.7
Lance Thomas,0,PF,73,1.4,3.7,0.382,0.7,0.6,0.7,0.83,2.4,0.6,0.4,0.2,0.5,4.1,-0.2
Klay Thompson,0,SG,73,7.9,16.2,0.488,3.1,1.1,1.3,0.837,3.8,2.5,0.8,0.5,1.8,20,0.9
Tristan Thompson,0,C,53,2.5,4.4,0.562,0,0.8,1.5,0.544,6.6,0.6,0.3,0.3,0.7,5.8,-0.1
Evan Turner,0,SF,79,3.3,7.3,0.447,0.5,1.2,1.4,0.85,3.1,2.2,0.6,0.4,1.3,8.2,0.1
Tyler Ulis,0,PG,71,3,7.8,0.388,0.6,1.2,1.4,0.832,1.8,4.4,1,0.1,1.8,7.8,-1.3
Denzel Valentine,0,SG,77,3.9,9.4,0.417,1.9,0.5,0.7,0.745,5.1,3.2,0.8,0.1,1.3,10.2,0.8
Rashad Vaughn,0,SG,28,0.8,2,0.411,0.5,0.1,0.2,0.667,0.8,0.5,0.2,0.1,0.2,2.3,-0.1
Noah Vonleh,0,PF,54,1.9,4.3,0.444,0.4,0.7,1.1,0.621,5.8,0.6,0.4,0.3,0.6,4.9,-0.2
Dwyane Wade,0,SG,67,4.5,10.2,0.438,0.5,2,2.8,0.714,3.8,3.4,0.9,0.7,2.1,11.4,0
Dion Waiters,0,SG,30,5.4,13.7,0.398,1.7,1.7,2.3,0.739,2.6,3.8,0.8,0.3,2.3,14.3,-0.5
Taurean Waller-Prince,0,SF,82,5.1,11.9,0.426,2.1,1.9,2.2,0.844,4.7,2.6,1,0.5,2.3,14.1,0.8
T.J. Warren,0,SF,65,8.1,16.4,0.498,0.3,3,3.9,0.757,5.1,1.3,1,0.6,1.3,19.6,0.1
Travis Wear,0,SF,17,1.5,4.2,0.347,1,0.5,0.5,1,2.2,0.4,0.2,0.3,0.4,4.4,-0.2
Briante Weber,0,PG,18,1.1,2.4,0.442,0.2,0.4,0.6,0.8,1.9,1.2,1,0.3,0.8,2.8,0.1
Okaro White,0,PF,6,1.2,2.7,0.438,0.7,0.3,0.5,0.667,1.8,0.3,0.2,0.2,0.2,3.3,0
Isaiah Whitehead,0,PG,16,2.5,5.4,0.465,0.4,0.8,1.2,0.684,1.6,1.3,0.5,0.1,1.5,6.3,-0.2
Hassan Whiteside,0,C,54,5.8,10.7,0.54,0,2.4,3.4,0.703,11.4,1,0.7,1.7,1.7,14,0.8
Andrew Wiggins,0,SF,82,6.9,15.9,0.438,1.4,2.5,3.8,0.643,4.4,2,1.1,0.6,1.7,17.7,-0.4
Damien Wilkins,0,SF,19,0.7,2.1,0.333,0.2,0.2,0.2,0.75,0.8,0.5,0.1,0.1,0.3,1.7,-0.2
Alan Williams,0,PF,5,1.4,3.6,0.389,0,1.2,1.8,0.667,4.4,1.6,1,0.2,1.4,4,0
Derrick Williams,0,PF,2,0.5,2,0.25,0,0,0,0,0.5,0,0,0,0,1,0
Troy Williams,0,SF,21,2.4,5.2,0.468,0.5,1,1.4,0.667,3,0.8,1,0.2,0.9,6.3,0.2
Justise Winslow,0,PF,68,3,7.2,0.424,0.7,1,1.5,0.635,5.4,2.2,0.8,0.5,1.1,7.8,0.4
Jeff Withey,0,C,9,0.7,1.8,0.375,0.2,0.1,0.2,0.5,1.1,0,0,0.3,0.2,1.7,-0.1
Nate Wolters,0,PG,5,0.2,1.2,0.167,0,0,0,0,0.4,0.2,0,0,0,0.4,0
Brandan Wright,0,PF,28,2.1,3.6,0.578,0,0.8,1.2,0.636,3.4,0.5,0.5,0.9,0.3,5,0.3
James Young,0,SG,6,0.8,2.3,0.357,0.5,0.7,1,0.667,0.3,0.3,0,0,0.2,2.8,-0.1
Joe Young,0,PG,53,1.5,3.5,0.43,0.5,0.4,0.5,0.759,1.2,0.7,0.3,0,0.5,3.9,-0.4
Nick Young,0,SG,80,2.5,6.1,0.412,1.5,0.7,0.8,0.862,1.6,0.5,0.5,0.1,0.5,7.3,-0.6
Cody Zeller,0,C,33,2.6,4.7,0.545,0.1,1.8,2.6,0.718,5.4,0.9,0.4,0.6,1,7.1,0.4
Tyler Zeller,0,C,66,2.8,5.1,0.56,0.2,0.9,1.2,0.722,4.6,0.7,0.2,0.5,0.7,6.7,0.1
Paul Zipser,0,SF,54,1.5,4.3,0.346,0.7,0.4,0.5,0.76,2.4,0.9,0.4,0.3,0.8,4,-0.8
Ivica Zubac,0,C,43,1.4,2.8,0.5,0,0.9,1.2,0.765,2.9,0.6,0.2,0.3,0.6,3.7,0
